[
{
    "pk": 1,
    "model": "user.networkeruser",
    "fields": {
        "place_of_birth": "Newark, Ohio, USA",
        "date_of_birth": "1978-11-01",
        "user_extension": 1,
        "relationship_to_group": "Founder",
        "nickname": "Founder",
        "profile_image": "images/mw/avatarMe.JPG",
        "website": ""
    }
},
{
    "pk": 2,
    "model": "user.networkeruser",
    "fields": {
        "place_of_birth": "Mountain View, CA, USA",
        "date_of_birth": "1945-06-22",
        "user_extension": 2,
        "relationship_to_group": "Partner",
        "nickname": "Burtoner",
        "profile_image": "images/burton/avatar2.png",
        "website": ""
    }
},
{
    "pk": 3,
    "model": "user.networkeruser",
    "fields": {
        "place_of_birth": "Apple Valley, MN, USA",
        "date_of_birth": "1987-01-22",
        "user_extension": 3,
        "relationship_to_group": "Partner",
        "nickname": "Christmaner",
        "profile_image": "images/christman/avatar1.png",
        "website": ""
    }
},
{
    "pk": 1,
    "model": "user.skillcategory",
    "fields": {
        "skill_category": "Administrative"
    }
},
{
    "pk": 2,
    "model": "user.skillcategory",
    "fields": {
        "skill_category": "Clerical"
    }
},
{
    "pk": 3,
    "model": "user.skillcategory",
    "fields": {
        "skill_category": "Communication"
    }
},
{
    "pk": 4,
    "model": "user.skillcategory",
    "fields": {
        "skill_category": "Counseling"
    }
},
{
    "pk": 5,
    "model": "user.skillcategory",
    "fields": {
        "skill_category": "Development"
    }
},
{
    "pk": 6,
    "model": "user.skillcategory",
    "fields": {
        "skill_category": "Financial"
    }
},
{
    "pk": 7,
    "model": "user.skillcategory",
    "fields": {
        "skill_category": "Interpersonal"
    }
},
{
    "pk": 8,
    "model": "user.skillcategory",
    "fields": {
        "skill_category": "Management"
    }
},
{
    "pk": 9,
    "model": "user.skillcategory",
    "fields": {
        "skill_category": "Problem Solving"
    }
},
{
    "pk": 10,
    "model": "user.skillcategory",
    "fields": {
        "skill_category": "Organizational"
    }
},
{
    "pk": 11,
    "model": "user.skillcategory",
    "fields": {
        "skill_category": "Research"
    }
},
{
    "pk": 12,
    "model": "user.skillcategory",
    "fields": {
        "skill_category": "Technical"
    }
},
{
    "pk": 13,
    "model": "user.skillcategory",
    "fields": {
        "skill_category": "Time Management"
    }
},
{
    "pk": 14,
    "model": "user.skillcategory",
    "fields": {
        "skill_category": "Training"
    }
},
{
    "pk": 15,
    "model": "user.skillcategory",
    "fields": {
        "skill_category": "Sales"
    }
},
{
    "pk": 1,
    "model": "user.userskill",
    "fields": {
        "skill_category_id": 9,
        "skill_description": "",
        "user_id": 1
    }
},
{
    "pk": 2,
    "model": "user.userskill",
    "fields": {
        "skill_category_id": 3,
        "skill_description": "",
        "user_id": 2
    }
},
{
    "pk": 3,
    "model": "user.userskill",
    "fields": {
        "skill_category_id": 12,
        "skill_description": "",
        "user_id": 3
    }
},
{
    "pk": 1,
    "model": "user.addresscategory",
    "fields": {
        "address_category": "Home"
    }
},
{
    "pk": 2,
    "model": "user.addresscategory",
    "fields": {
        "address_category": "Work"
    }
},
{
    "pk": 3,
    "model": "user.addresscategory",
    "fields": {
        "address_category": "Other"
    }
},
{
    "pk": 1,
    "model": "user.useraddress",
    "fields": {
        "street_address_1": "1400 NW Marshall Street",
        "address_category_id": 1,
        "city_town": "Portland",
        "street_address_2": "",
        "longitude_api": -122.686153,
        "country": "USA",
        "state_province": "OR",
        "postal_code": "07209",
        "latitude_api": 45.53055,
        "user_id": 1
    }
},
{
    "pk": 2,
    "model": "user.useraddress",
    "fields": {
        "street_address_1": "1514 Thunder Road",
        "address_category_id": 1,
        "city_town": "Mountain View",
        "street_address_2": "",
        "longitude_api": -97.016947,
        "country": "USA",
        "state_province": "CA",
        "postal_code": "94041",
        "latitude_api": 39.338543,
        "user_id": 2
    }
},
{
    "pk": 3,
    "model": "user.useraddress",
    "fields": {
        "street_address_1": "715 Oral Lake Road",
        "address_category_id": 1,
        "city_town": "Apple Valley",
        "street_address_2": "",
        "longitude_api": -80.223605,
        "country": "USA",
        "state_province": "MN",
        "postal_code": "55124",
        "latitude_api": 39.276383,
        "user_id": 3
    }
},
{
    "pk": 1,
    "model": "user.emailcategory",
    "fields": {
        "email_category": "Work"
    }
},
{
    "pk": 2,
    "model": "user.emailcategory",
    "fields": {
        "email_category": "Home"
    }
},
{
    "pk": 3,
    "model": "user.emailcategory",
    "fields": {
        "email_category": "Other"
    }
},
{
    "pk": 1,
    "model": "user.useremail",
    "fields": {
        "email_category_id": 2,
        "user_id": 1,
        "email": "willia32@hotmail.com"
    }
},
{
    "pk": 2,
    "model": "user.useremail",
    "fields": {
        "email_category_id": 2,
        "user_id": 2,
        "email": "KatherineDBurton@rhyta.com"
    }
},
{
    "pk": 3,
    "model": "user.useremail",
    "fields": {
        "email_category_id": 2,
        "user_id": 3,
        "email": "jamesChristman@armyspy.com"
    }
},
{
    "pk": 1,
    "model": "user.phonecategory",
    "fields": {
        "phone_category": "Mobile"
    }
},
{
    "pk": 2,
    "model": "user.phonecategory",
    "fields": {
        "phone_category": "Work"
    }
},
{
    "pk": 3,
    "model": "user.phonecategory",
    "fields": {
        "phone_category": "Home"
    }
},
{
    "pk": 4,
    "model": "user.phonecategory",
    "fields": {
        "phone_category": "Fax"
    }
},
{
    "pk": 5,
    "model": "user.phonecategory",
    "fields": {
        "phone_category": "Other"
    }
},
{
    "pk": 1,
    "model": "user.userphone",
    "fields": {
        "phone_category_id": 1,
        "user_id": 1,
        "country_code": 1,
        "phone_number": "503-720-6114"
    }
},
{
    "pk": 2,
    "model": "user.userphone",
    "fields": {
        "phone_category_id": 3,
        "user_id": 2,
        "country_code": 1,
        "phone_number": "650-567-1368"
    }
},
{
    "pk": 3,
    "model": "user.userphone",
    "fields": {
        "phone_category_id": 5,
        "user_id": 3,
        "country_code": 1,
        "phone_number": "212-250-2042"
    }
},
{
    "pk": 1,
    "model": "user.socialmediacategory",
    "fields": {
        "social_media_category": "Facebook"
    }
},
{
    "pk": 2,
    "model": "user.socialmediacategory",
    "fields": {
        "social_media_category": "Foursquare"
    }
},
{
    "pk": 3,
    "model": "user.socialmediacategory",
    "fields": {
        "social_media_category": "Instagram"
    }
},
{
    "pk": 4,
    "model": "user.socialmediacategory",
    "fields": {
        "social_media_category": "Kik Messenger"
    }
},
{
    "pk": 5,
    "model": "user.socialmediacategory",
    "fields": {
        "social_media_category": "LinkedIn"
    }
},
{
    "pk": 6,
    "model": "user.socialmediacategory",
    "fields": {
        "social_media_category": "ooVoo"
    }
},
{
    "pk": 7,
    "model": "user.socialmediacategory",
    "fields": {
        "social_media_category": "Pinterest"
    }
},
{
    "pk": 8,
    "model": "user.socialmediacategory",
    "fields": {
        "social_media_category": "Skype"
    }
},
{
    "pk": 9,
    "model": "user.socialmediacategory",
    "fields": {
        "social_media_category": "Tumblr"
    }
},
{
    "pk": 10,
    "model": "user.socialmediacategory",
    "fields": {
        "social_media_category": "Twitter"
    }
},
{
    "pk": 11,
    "model": "user.socialmediacategory",
    "fields": {
        "social_media_category": "Whatsapp"
    }
},
{
    "pk": 12,
    "model": "user.socialmediacategory",
    "fields": {
        "social_media_category": "Vine"
    }
},
{
    "pk": 13,
    "model": "user.socialmediacategory",
    "fields": {
        "social_media_category": "Other"
    }
},
{
    "pk": 1,
    "model": "user.usersocialmedia",
    "fields": {
        "social_media_category_id": 5,
        "user_id": 1,
        "social_media_url": "http://linkedin.com/in/williamsmichael1"
    }
},
{
    "pk": 2,
    "model": "user.usersocialmedia",
    "fields": {
        "social_media_category_id": 10,
        "user_id": 1,
        "social_media_url": "https://twitter.com/michael_mdw"
    }
},
{
    "pk": 3,
    "model": "user.usersocialmedia",
    "fields": {
        "social_media_category_id": 10,
        "user_id": 2,
        "social_media_url": "https://twitter.com/burton"
    }
},
{
    "pk": 4,
    "model": "user.usersocialmedia",
    "fields": {
        "social_media_category_id": 10,
        "user_id": 3,
        "social_media_url": "https://twitter.com/christman"
    }
},
{
    "pk": 1,
    "model": "user.jobcategory",
    "fields": {
        "job_category": "Accounting"
    }
},
{
    "pk": 2,
    "model": "user.jobcategory",
    "fields": {
        "job_category": "Administrative/Clerical"
    }
},
{
    "pk": 3,
    "model": "user.jobcategory",
    "fields": {
        "job_category": "Arts/Entertainment/Media"
    }
},
{
    "pk": 4,
    "model": "user.jobcategory",
    "fields": {
        "job_category": "Agriculture/Forestry/Fishing"
    }
},
{
    "pk": 5,
    "model": "user.jobcategory",
    "fields": {
        "job_category": "Automotive"
    }
},
{
    "pk": 6,
    "model": "user.jobcategory",
    "fields": {
        "job_category": "Biotechnology"
    }
},
{
    "pk": 7,
    "model": "user.jobcategory",
    "fields": {
        "job_category": "Business"
    }
},
{
    "pk": 8,
    "model": "user.jobcategory",
    "fields": {
        "job_category": "Computers"
    }
},
{
    "pk": 9,
    "model": "user.jobcategory",
    "fields": {
        "job_category": "Consulting"
    }
},
{
    "pk": 10,
    "model": "user.jobcategory",
    "fields": {
        "job_category": "Customer Service"
    }
},
{
    "pk": 11,
    "model": "user.jobcategory",
    "fields": {
        "job_category": "Education"
    }
},
{
    "pk": 12,
    "model": "user.jobcategory",
    "fields": {
        "job_category": "Engineering"
    }
},
{
    "pk": 13,
    "model": "user.jobcategory",
    "fields": {
        "job_category": "Executive/Leadership"
    }
},
{
    "pk": 14,
    "model": "user.jobcategory",
    "fields": {
        "job_category": "Facilities"
    }
},
{
    "pk": 15,
    "model": "user.jobcategory",
    "fields": {
        "job_category": "Financial Services"
    }
},
{
    "pk": 16,
    "model": "user.jobcategory",
    "fields": {
        "job_category": "Government"
    }
},
{
    "pk": 17,
    "model": "user.jobcategory",
    "fields": {
        "job_category": "Healthcare"
    }
},
{
    "pk": 18,
    "model": "user.jobcategory",
    "fields": {
        "job_category": "Hospitality"
    }
},
{
    "pk": 19,
    "model": "user.jobcategory",
    "fields": {
        "job_category": "Human Resources"
    }
},
{
    "pk": 20,
    "model": "user.jobcategory",
    "fields": {
        "job_category": "Information Technology"
    }
},
{
    "pk": 21,
    "model": "user.jobcategory",
    "fields": {
        "job_category": "Insurance"
    }
},
{
    "pk": 22,
    "model": "user.jobcategory",
    "fields": {
        "job_category": "Law Enforcement/Fire/Security"
    }
},
{
    "pk": 23,
    "model": "user.jobcategory",
    "fields": {
        "job_category": "Legal"
    }
},
{
    "pk": 24,
    "model": "user.jobcategory",
    "fields": {
        "job_category": "Manufacturing/Production"
    }
},
{
    "pk": 25,
    "model": "user.jobcategory",
    "fields": {
        "job_category": "Marketing"
    }
},
{
    "pk": 26,
    "model": "user.jobcategory",
    "fields": {
        "job_category": "Military"
    }
},
{
    "pk": 27,
    "model": "user.jobcategory",
    "fields": {
        "job_category": "Real Estate"
    }
},
{
    "pk": 28,
    "model": "user.jobcategory",
    "fields": {
        "job_category": "Restaurant/Food Services"
    }
},
{
    "pk": 29,
    "model": "user.jobcategory",
    "fields": {
        "job_category": "Retail/Wholesale"
    }
},
{
    "pk": 30,
    "model": "user.jobcategory",
    "fields": {
        "job_category": "Sales"
    }
},
{
    "pk": 31,
    "model": "user.jobcategory",
    "fields": {
        "job_category": "Science/Research"
    }
},
{
    "pk": 32,
    "model": "user.jobcategory",
    "fields": {
        "job_category": "Telecommunications"
    }
},
{
    "pk": 33,
    "model": "user.jobcategory",
    "fields": {
        "job_category": "Technology"
    }
},
{
    "pk": 34,
    "model": "user.jobcategory",
    "fields": {
        "job_category": "Transportation/Warehouse"
    }
},
{
    "pk": 35,
    "model": "user.jobcategory",
    "fields": {
        "job_category": "Other"
    }
},
{
    "pk": 1,
    "model": "user.userjob",
    "fields": {
        "company_state_province": "OR",
        "company_country": "USA",
        "job_category_id": 8,
        "job_description": "",
        "company_year_ended": "2015-10-06",
        "job_title": "Front-End Developer",
        "company_name": "MPLE Consulting",
        "is_current": true,
        "user_id": 1,
        "company_year_started": "2015-03-01"
    }
},
{
    "pk": 2,
    "model": "user.userjob",
    "fields": {
        "company_state_province": "CA",
        "company_country": "USA",
        "job_category_id": 26,
        "job_description": "Contractor for United States Coast Guard",
        "company_year_ended": "1982-08-01",
        "job_title": "Communicator",
        "company_name": "SoundTrack",
        "is_current": false,
        "user_id": 2,
        "company_year_started": "1952-07-01"
    }
},
{
    "pk": 3,
    "model": "user.userjob",
    "fields": {
        "company_state_province": "CA",
        "company_country": "USA",
        "job_category_id": 12,
        "job_description": "",
        "company_year_ended": "2015-10-06",
        "job_title": "Astronautical Engineer",
        "company_name": "Sportswest",
        "is_current": true,
        "user_id": 3,
        "company_year_started": "2009-12-01"
    }
},
{
    "pk": 1,
    "model": "user.educationcategory",
    "fields": {
        "education_category": "K12"
    }
},
{
    "pk": 2,
    "model": "user.educationcategory",
    "fields": {
        "education_category": "Post Secondary"
    }
},
{
    "pk": 3,
    "model": "user.educationcategory",
    "fields": {
        "education_category": "Associates Degree"
    }
},
{
    "pk": 4,
    "model": "user.educationcategory",
    "fields": {
        "education_category": "Bachelors Degree"
    }
},
{
    "pk": 5,
    "model": "user.educationcategory",
    "fields": {
        "education_category": "Graduate Degree"
    }
},
{
    "pk": 6,
    "model": "user.educationcategory",
    "fields": {
        "education_category": "Doctoral Degree"
    }
},
{
    "pk": 7,
    "model": "user.educationcategory",
    "fields": {
        "education_category": "Certification"
    }
},
{
    "pk": 8,
    "model": "user.educationcategory",
    "fields": {
        "education_category": "License"
    }
},
{
    "pk": 9,
    "model": "user.educationcategory",
    "fields": {
        "education_category": "Professional Development"
    }
},
{
    "pk": 10,
    "model": "user.educationcategory",
    "fields": {
        "education_category": "Other"
    }
},
{
    "pk": 1,
    "model": "user.usereducation",
    "fields": {
        "school_year_ended": "2007-05-01",
        "education_title": "MBA",
        "is_completed": true,
        "school_name": "University of Phoenix",
        "education_description": "Master's of Business Administration",
        "education_category_id": 5,
        "user_id": 1,
        "school_year_started": "2005-02-01"
    }
},
{
    "pk": 2,
    "model": "user.usereducation",
    "fields": {
        "school_year_ended": "2056-06-01",
        "education_title": "Communications",
        "is_completed": false,
        "school_name": "United States Coast Guard Academy",
        "education_description": "",
        "education_category_id": 4,
        "user_id": 2,
        "school_year_started": "1952-09-01"
    }
},
{
    "pk": 3,
    "model": "user.usereducation",
    "fields": {
        "school_year_ended": "2009-06-01",
        "education_title": "Astronautical Engineering",
        "is_completed": false,
        "school_name": "University of Southern California",
        "education_description": "",
        "education_category_id": 4,
        "user_id": 3,
        "school_year_started": "2005-08-01"
    }
}
]
